{
  "project_info": {
    "project_number": "222747310470",
    "firebase_url": "https://jmm-phase-two.firebaseio.com",
    "project_id": "jmm-phase-two",
    "storage_bucket": "jmm-phase-two.appspot.com"
  },
  "client": [
    {
      "client_info": {
        "mobilesdk_app_id": "1:222747310470:android:c7434ca47cf6f720b9d407",
        "android_client_info": {
          "package_name": "com.spphasetw"
        }
      },
      "oauth_client": [
        {
          "client_id": "222747310470-imdv8tg9ta4tcfn586167it1ure37ask.apps.googleusercontent.com",
          "client_type": 1,
          "android_info": {
            "package_name": "com.spphasetw",
            "certificate_hash": "f276f8ab6c1cd594ea8d2a7213985529bfb92830"
          }
        },
        {
          "client_id": "222747310470-0rr6a5ufq6a40ablcm4i095fbdb4sd3o.apps.googleusercontent.com",
          "client_type": 3
        }
      ],
      "api_key": [
        {
          "current_key": "AIzaSyC04Mh6nEJeeQnU4uz1Uodg9_qyKmtWPcM"
        }
      ],
      "services": {
        "appinvite_service": {
          "other_platform_oauth_client": [
            {
              "client_id": "222747310470-0rr6a5ufq6a40ablcm4i095fbdb4sd3o.apps.googleusercontent.com",
              "client_type": 3
            }
          ]
        }
      }
    }
  ],
  "configuration_version": "1"
}